Model,Precision,Recall,F1 Score,ROC-AUC
Logistic Regression,1.0,0.9705882352941176,0.9850746268656716,0.9880419559128
Random Forest,1.0,0.9705882352941176,0.9850746268656716,0.9912464985994398
XGBoost,1.0,0.9705882352941176,0.9850746268656716,0.995600414078675
